Workbook

Sheet Template Data
A1: DOCUMENT_NAME | B1: f_22 | C1: f_23 | D1: f_24 | E1: f_25 | F1: f_26 | G1: f_28 | H1: f_29 | I1: f_30 | J1: f_31 | K1: f_32 | L1: f_33 | M1: f_34 | N1: f_35 | O1: f_36 | P1: f_37 | Q1: f_38 | R1: f_39 | S1: f_40 | T1: f_49 | U1: f_50 | V1: f_51 | W1: f_1 | X1: f_56 | Y1: f_58 | Z1: f_59 | AA1: f_60 | AB1: f_61 | AC1: f_62 | AD1: f_63 | AE1: f_64 | AF1: f_81 | AG1: f_84 | AH1: t_d | AI1: ten_dia_diem_cskd_duoc | AJ1: dia_chi_kinh_doanh | AK1: nguoi_dai_dien_pl | AL1: ho_ten_nguoi_ctncm | AM1: date_dg | AN1: f_5 | AO1: sl_dsdh | AP1: sl_dscd | AQ1: sl_dsth | AR1: sl_duoc_ta | AS1: sl_bằng cấp khác | AT1: f_8 | AU1: f_8 | AV1: f_10 | AW1: f_11 | AX1: f_12 | AY1: f_13 | AZ1: f_16 | BA1: f_17 | BB1: f_18 | BC1: f_19 | BD1: f_20 | BE1: f_21
A2: Checklist_Quầy Thuốc Khánh Phúc_251110-0019 | B2: =VLOOKUP(B$1,Sheet1!$C$2:$D$48,2,0) -> 2 | C2: =VLOOKUP(C$1,Sheet1!$C$2:$D$48,2,0) -> 0 | D2: =VLOOKUP(D$1,Sheet1!$C$2:$D$48,2,0) -> 0 | E2: =VLOOKUP(E$1,Sheet1!$C$2:$D$48,2,0) -> 1 | F2: =VLOOKUP(F$1,Sheet1!$C$2:$D$48,2,0) -> 1 | G2: =VLOOKUP(G$1,Sheet1!$C$2:$D$48,2,0) -> 0 | H2: =VLOOKUP(H$1,Sheet1!$C$2:$D$48,2,0) -> 1 | I2: =VLOOKUP(I$1,Sheet1!$C$2:$D$48,2,0) -> 2 | ... AG2: =VLOOKUP(AG$1,Sheet1!$C$2:$D$48,2,0) -> 1 | AI2: Quầy Thuốc Khánh Phúc | AJ2: Thôn Thượng, xã A Sào, tỉnh Hưng Yên | AL2: ĐÀM THỊ THẢO | AM2: 06/12/2025 | AN2: =VLOOKUP(AN$1,Sheet1!$C$2:$D$48,2,0) -> 1 | AT2: =VLOOKUP(AT$1,Sheet1!$C$2:$D$48,2,0) -> 1 | AU2: =VLOOKUP(AU$1,Sheet1!$C$2:$D$48,2,0) -> 1 | AV2: =VLOOKUP(AV$1,Sheet1!$C$2:$D$48,2,0) -> 1 | AW2: =VLOOKUP(AW$1,Sheet1!$C$2:$D$48,2,0) -> 1 | AX2: =VLOOKUP(AX$1,Sheet1!$C$2:$D$48,2,0) -> 1 | AY2: =VLOOKUP(AY$1,Sheet1!$C$2:$D$48,2,0) -> 2 | AZ2: =VLOOKUP(AZ$1,Sheet1!$C$2:$D$48,2,0) -> 2 | BA2: =VLOOKUP(BA$1,Sheet1!$C$2:$D$48,2,0) -> 0 | ... BE2: =VLOOKUP(BE$1,Sheet1!$C$2:$D$48,2,0) -> 2 | BF2: 251110-0019 | BG2: ="Checklist_"&AI2&"_"&BF2 -> Checklist_Quầy Thuốc Khánh Phúc_251110-0019
A3: Checklist_Quầy thuốc Bích Liên_251117-0018 | B3: =VLOOKUP(B$1,Sheet1!$C$2:$D$48,2,0) -> 2 | C3: =VLOOKUP(C$1,Sheet1!$C$2:$D$48,2,0) -> 0 | D3: =VLOOKUP(D$1,Sheet1!$C$2:$D$48,2,0) -> 0 | E3: =VLOOKUP(E$1,Sheet1!$C$2:$D$48,2,0) -> 1 | F3: =VLOOKUP(F$1,Sheet1!$C$2:$D$48,2,0) -> 1 | G3: =VLOOKUP(G$1,Sheet1!$C$2:$D$48,2,0) -> 0 | H3: =VLOOKUP(H$1,Sheet1!$C$2:$D$48,2,0) -> 1 | I3: =VLOOKUP(I$1,Sheet1!$C$2:$D$48,2,0) -> 2 | ... AG3: =VLOOKUP(AG$1,Sheet1!$C$2:$D$48,2,0) -> 1 | AI3: Quầy thuốc Bích Liên | AJ3: Thôn Phong Lôi Đông, xã Đông Hưng, tỉnh Hưng Yên | AL3: LẠI THỊ BÍCH LIÊN | AM3: 06/12/2025 | AN3: =VLOOKUP(AN$1,Sheet1!$C$2:$D$48,2,0) -> 1 | AT3: =VLOOKUP(AT$1,Sheet1!$C$2:$D$48,2,0) -> 1 | AU3: =VLOOKUP(AU$1,Sheet1!$C$2:$D$48,2,0) -> 1 | AV3: =VLOOKUP(AV$1,Sheet1!$C$2:$D$48,2,0) -> 1 | AW3: =VLOOKUP(AW$1,Sheet1!$C$2:$D$48,2,0) -> 1 | AX3: =VLOOKUP(AX$1,Sheet1!$C$2:$D$48,2,0) -> 1 | AY3: =VLOOKUP(AY$1,Sheet1!$C$2:$D$48,2,0) -> 2 | AZ3: =VLOOKUP(AZ$1,Sheet1!$C$2:$D$48,2,0) -> 2 | BA3: =VLOOKUP(BA$1,Sheet1!$C$2:$D$48,2,0) -> 0 | ... BE3: =VLOOKUP(BE$1,Sheet1!$C$2:$D$48,2,0) -> 2 | BF3: 251117-0018 | BG3: ="Checklist_"&AI3&"_"&BF3 -> Checklist_Quầy thuốc Bích Liên_251117-0018
A4: Checklist_Quầy thuốc Kim Oanh_251118-0013 | B4: =VLOOKUP(B$1,Sheet1!$C$2:$D$48,2,0) -> 2 | C4: =VLOOKUP(C$1,Sheet1!$C$2:$D$48,2,0) -> 0 | D4: =VLOOKUP(D$1,Sheet1!$C$2:$D$48,2,0) -> 0 | E4: =VLOOKUP(E$1,Sheet1!$C$2:$D$48,2,0) -> 1 | F4: =VLOOKUP(F$1,Sheet1!$C$2:$D$48,2,0) -> 1 | G4: =VLOOKUP(G$1,Sheet1!$C$2:$D$48,2,0) -> 0 | H4: =VLOOKUP(H$1,Sheet1!$C$2:$D$48,2,0) -> 1 | I4: =VLOOKUP(I$1,Sheet1!$C$2:$D$48,2,0) -> 2 | ... AG4: =VLOOKUP(AG$1,Sheet1!$C$2:$D$48,2,0) -> 1 | AI4: Quầy thuốc Kim Oanh | AJ4: Thôn Thanh Lãng, xã Hồng Minh, tỉnh Hưng Yên | AL4: NGUYỄN THỊ KIM OANH | AM4: 06/12/2025 | AN4: =VLOOKUP(AN$1,Sheet1!$C$2:$D$48,2,0) -> 1 | AT4: =VLOOKUP(AT$1,Sheet1!$C$2:$D$48,2,0) -> 1 | AU4: =VLOOKUP(AU$1,Sheet1!$C$2:$D$48,2,0) -> 1 | AV4: =VLOOKUP(AV$1,Sheet1!$C$2:$D$48,2,0) -> 1 | AW4: =VLOOKUP(AW$1,Sheet1!$C$2:$D$48,2,0) -> 1 | AX4: =VLOOKUP(AX$1,Sheet1!$C$2:$D$48,2,0) -> 1 | AY4: =VLOOKUP(AY$1,Sheet1!$C$2:$D$48,2,0) -> 2 | AZ4: =VLOOKUP(AZ$1,Sheet1!$C$2:$D$48,2,0) -> 2 | BA4: =VLOOKUP(BA$1,Sheet1!$C$2:$D$48,2,0) -> 0 | ... BE4: =VLOOKUP(BE$1,Sheet1!$C$2:$D$48,2,0) -> 2 | BF4: 251118-0013 | BG4: ="Checklist_"&AI4&"_"&BF4 -> Checklist_Quầy thuốc Kim Oanh_251118-0013

Sheet Sheet1
A1: TT | B1: Điểm đạt | C1: Điểm đạt | D1: Điểm đạt
A2: 3 | B2: {{f_5=1}} | C2: f_5 | D2: 1
A3: 5 | B3: {{f_8=1}} | C3: f_8 | D3: 1
A4: 6 | B4: {{f_8=0}} | C4: f_8 | D4: 0
A5: 7 | B5: {{f_10=1}} | C5: f_10 | D5: 1
A6: 8 | B6: {{f_11=1}} | C6: f_11 | D6: 1
A7: 9 | B7: {{f_12=1}} | C7: f_12 | D7: 1
A8: 10 | B8: {{f_13=2}} | C8: f_13 | D8: 2
A9: 12 | B9: {{f_16=2}} | C9: f_16 | D9: 2
A10: 13 | B10: {{f_17=0}} | C10: f_17 | D10: 0
A11: 14 | B11: {{f_18=1}} | C11: f_18 | D11: 1
A12: 15 | B12: {{f_19=1}} | C12: f_19 | D12: 1
A13: 16 | B13: {{f_20=1}} | C13: f_20 | D13: 1
... A47: 68 | B47: {{f_84=1}} | C47: f_84 | D47: 1
A48: 72 | B48: {{t_d}} | C48: t_d}} | D48: {{t_d
